question,answer
Bagaimana Durga di India awalnya digambarkan dalam tradisi Hindu,Durga di India pada awalnya digambarkan sebagai Dewi Perang yang cantik dengan banyak lengan.
Apa yang dipegang oleh masing-masing lengan Dewi Durga dalam mitologi India,"Masing-masing lengannya memegang senjata yang dianugerahkan oleh Dewa Siwa dan dewa-dewa lain selama penciptaannya sebagai Dewi Perang dan Pelindung bagi para dewa untuk mengalahkan musuhnya yang sangat sakti yaitu Mahisasura, raja raksasa yang berkepala kerbau (Mookerjee, 988:8)."
Di mana deskripsi wujud Durga ditemukan dalam literatur suci India,"Deskripsi wujud Durga ini ditemukan dalam syair-syair suci India seperti Devi Mahatmnya, subbagian penting dari ensiklopedia Markandeya Purana (disusun sekitar abad ke-6 M)."
"Apa arti dari sebutan ""Durga Mahisasuramardini""","Setelah dapat mengalahkan musuhnya, Durga diberi sebutan Durga Mahisasuramardini yang berarti “Durga yang telah berhasil membunuh Mahisasura”."
Apa yang mempengaruhi ajaran Hindu aliran Siwaisme yang menyebar di Indonesia,Penggambaran Durga sebagai Mahisasuramardini-lah yang mempengaruhi ajaran Hindu aliran Siwaisme yang menyebar di Indonesia mulai awal abad milenium sampai runtuhnya kerajaan Majapahit.
"Apa yang terjadi pada penggambaran Durga Mahisasuramardini di Nusantara, terutama di Jawa dan Bali","Namun, penggambaran Durga Mahisasuramardini di Nusantara terutama di Jawa dan Bali mengalami proses evolusi perubahan radikal."
Bagaimana penggambaran Durga Mahisasuramardini sebagai Dewi Perang dan Pelindung di zaman kerajaan Hindu di Jawa Tengah,Durga Mahasisasuramardini sebagai Dewi Perang dan Pelindung masih digambarkan sama seperti wujud asal mulanya di India pada zaman kerajaan Hindu di Jawa Tengah (abad ke-6 sampai ke-0 M).
Apa perubahan radikal yang terjadi pada penggambaran Durga Mahisasuramardini setelah kekuatan kerajaan Hindu pindah ke Jawa Timur,"Tetapi setelah kekuatan kerajaan Hindu pindah ke Jawa Timur (sekitar abad ke-0 sampai abad ke-5 M), penggambaran Durga Mahisasuramardini telah mengalami perubahan yang radikal dimana Durga Mahisasuramardini digambarkan sebagai Dewi berupa raksasi."
,Perkembangan Durga Mahisasuramardini di Bali bahkan lebih radikal lagi karena Durga Mahisasuramardini telah diidentikkan dengan pemuja setianya yaitu Rangda ing Dirah seperti yang dinarasikan dalam cerita Calonarang.
Apa metodologi yang digunakan dalam makalah ini untuk menelusuri sejarah Durga,"Dalam makalah ini, saya mengkaji sejarah dan mitos asal mula pemujaan Durga di India serta perkembangannya di Indonesia, khususnya di Jawa dan Bali."
Apa yang memicu ketertarikan Anda terhadap Durga selama bekerja di Jaipur,"Ketertarikan saya terhadap Durga dimulai ketika saya bekerja di Jaipur, India Utara, pada tahun 200-2003, di mana saya menjumpai berbagai hal seperti toko, grup musik, dan nama perempuan yang bernama Durga"
Bagaimana pandangan Anda tentang Durga di Bali berbeda dari pandangan Anda di India,"Di Bali, saya memandang Durga sebagai sosok Dewi/Bhatari yang menyeramkan, dan pengetahuan ini berasal dari cerita almarhum kakek saya, seorang Pemangku Pura Dalem di desa kelahiran saya."
Mengapa Anda memilih Charles Darwin University untuk penelitian tentang Durga,"Untuk memahami perbedaan persepsi Durga di India dan Bali, saya melakukan penelitian mendalam dengan melamar beasiswa di Charles Darwin University (CDU) Darwin."
Apa alasan di balik saran ketiga professor untuk memasukkan pembahasan Durga di Jawa,Ketiga professor menyarankan agar saya juga membahas Durga di Jawa untuk mendapatkan pemahaman yang lebih kronologis dan komprehensif mengenai hubungan historis dan mitologisnya.
Apa nama upacara yang disebut dalam konteks ini,Upacara Pekeling: Jatra dan Yatra.
Mengapa kakek tidak mengizinkan Anda menyebutkan nama Durga,"Karena kami menganggap Durga begitu angker dan berbahaya, kakek saya bahkan tidak mengizinkan saya untuk menyebutkan nama Durga karena Durga sangat tenget, angker kuat secara spiritual atau magis dan berbahaya."
Apa yang bisa terjadi jika Durga tidak berkenan dengan perilaku manusia,"Durga dapat menyebabkan begitu banyak masalah jika dia tidak berkenan dengan perilaku manusia, tetapi akan sangat bermurah hati apabila dipuja dengan sempurna sepenuh hati."
Mengapa Anda merasa takut melakukan penelitian tentang Durga,"Saya merasa takut untuk melakukan penelitian tentang Durga, karena saya percaya kalau Durga dapat mengutuk saya apabila saya melakukan sesuatu yang salah."
Apa alasan utama Anda melakukan jatra dan yatra,Itulah alasan utama mengapa saya memutuskan untuk melakukan jatra dan yatra sebelum mengadakan penelitian lebih mendalam.
Apa tujuan utama dari jatra dan yatra yang Anda lakukan,"Tujuan utama melakukan jatra dan yatra adalah untuk meminta izin serta anugrah dari Durga supaya penelitian saya berjalan lancar dan sukses, serta terlindungi dari segala mara bahaya."
Apa yang dimaksud dengan upacara/atra,"Upacara/atra, yaitu upacara permohonan doa restu serta anugrah di pura sekitar tempat tinggal kita."
Di mana Anda melakukan upacara jatra,"Untuk upacara jatra, saya melakukan di Pura Dalem di desa kelahiran saya sebagai tempat suci untuk pemujaan Siwa-Durga, saya ditemani oleh nenek dan kakek saya yang Pemangku Dalem."
Apa pesan yang disampaikan kakek kepada Anda,"Kakek berpesan dalam Bahasa Bali, “Yan, sing dadi ngawag nyambatang Ida Bhatari (Durga), ragane nak tenget, aeng, kalo men sembah baktinin ragane, apa tagih sekita arep Yan, kal icenine (teken Ida”."
Apa terjemahan pesan kakek dalam Bahasa Indonesia,"“Yan, jangan sembarangan nyebut-nyebur Ida Bhatari (Durga), Dia angker, menyeramkan, namun kalau dipuja dengan sepenuh hati, akan memberikan anugrah apapun yang Yang inginkan”, begitulah terjemahan bebas dalam Bahasa Indonesia."
Apa itu upacara Yatra,"Upacara Yatra, yaitu upacara yang diadakan di tempat jauh dari tempat tinggal kita, bisa di pegunungan atau di seberang sungai atau lautan."
Kapan Anda melanjutkan perjalanan setelah melakukan jatra,"Dua hari setelah saya melakukan jatra ke Pura Dalem di desa, saya melanjutkan perjalanan suci saya ke Pura Dalem Ped yang terletak di seberang lautan yaitu di Nusa Penida, Bali."
Apa tujuan dari perjalanan ke Pura Dalem Ped,Tujuannya sama dengan upacara jatra yaitu untuk memohon doa restu dan ijin supaya mendapat keselamatan serta perlindungan dari Durga.
Apa yang Anda lakukan untuk mengejar “kehadiran bayangan” Durga,"Untuk mengejar “kehadiran bayangan” Durga, saya harus menyeberangi lautan luas, mendaki bukit terjal, memasuki gua yang gelap dan menakutkan."
Apa yang Anda lakukan setelah mengatasi semua rintangan,"Setelah semua rintangan dapat saya atasi, sampailah saya di Pura Dalem Ped, dimana saya mengadakan pemujaan serta mekemit (bermalam) di Pura Pemujaan Ratu Gede Mecaling, salah satu kompleks di Pura Dalem Ped selain Pura Ulam Agung, Beji Agung, dan Pura Penataran Agung."
Apa peran Pura Dalem Ped dalam tradisi Bali,"Pura Dalem Ped adalah salah satu pura kahyangan desa Nusa Penida, yang berperan sangat penting bagi pemuja orang awam dan dukun tradisional (balian) dari seluruh Bali."
Apa yang dipercayai oleh orang Bali tentang Ratu Gede Mecaling,"Orang Bali percaya bahwa semua penyakit, nasib buruk, roh jahat dan bencana di daratan Bali telah disebabkan dan disebarkan oleh salah satu pemuja setia Durga yaitu Ratu Gede Mecaling, tetapi dalam waktu yang sama semua malapetaka, segala jenis penyakit dapat disembuhkan oleh Ratu Gede Mecaling karena dapat penugrahan panca taksu (lima kesaktian) dari Dewi Durga."
Di mana Anda memilih untuk bermalam saat mekemit di Pura Dalem Ped,"Semalam mekemit di Pura Dalem Ped saya memilih tempat di balai pawedan, sebuah bangunan kecil dari kayu setinggi dua meter persegi, yaitu tempat khusus untuk pendeta Hindu melantunkan mantra-mantra pujian dari kitab suci Weda."
Apa saja sarana ritual yang ada di balai pawedan,"Ada beberapa sarana ritual yang diletakkan di bangunan tersebut, termasuk tempayan dari tanah liat untuk air suci (tirta) dan beberapa dupa."
Apa yang Anda lakukan untuk membuat diri Anda nyaman,"Saya mencoba membuat diri saya senyaman mungkin, sehingga saya cepat tertidur, tetapi lolongan anjing di sekitar pura dan di kejauhan membangunkan saya dari tidur dan mendapatkan diri saya sedang sendirian di pura dalam keadaan gelap gulita karena listriknya padam."
Siapa yang mendatangi Anda dalam mimpi saat tertidur,"Di dalam tertidur sesaat itu, Sang Dewi Agung (the Great Goddess) mendatangi saya dalam mimpi."
Bagaimana wujud Sang Dewi yang Anda lihat dalam mimpi,"Sang Dewi datang dalam wujud yang aeng, berbadan ramping, berambut panjang berwarna merah, putih, dan hitam dengan mahkota menyala seperti api, kuku-kukunya panjang dan runcing, taring-taringnya runcing, matanya tajam menatap saya dengan pandangan yang sangat lembut."
Apa yang dilakukan Sang Dewi kepada Anda dalam mimpi,Sang Dewi bahkan menyentuh dada saya dan saya dianugrahi busana yang masih terlipat rapi.
Apa yang Anda tafsirkan dari mimpi Anda,"Dari mimpi tersebut saya lalu menafsirkan bahwa saya telah mendapat ijin, doa, restu, serta anugrah dari Sang Dewi Agung untuk melakukan penelitian tentang Durga."
Apa yang Anda putuskan setelah mimpi tersebut,"Jadi, saya memutuskan untuk kembali ke India (2002-2004) dengan penuh percaya diri untuk riset di sana."
Apa saja metode yang digunakan untuk mendapatkan data primer,"Untuk mendapatkan data primer, saya mengadakan: survey, wawancara, dan observasi partisipasi."
Bagaimana Anda mendapatkan data sekunder untuk penelitian ini,"Sedangkan untuk data sekunder saya banyak membaca pustaka yang berkaitan dengan Durga baik dalam Bahasa Indonesia, Bahasa Bali, maupun Bahasa Inggris."
Di mana saja penelitian ini dilakukan,"Penelitian tersebut dilakukan baik di India, Jawa, dan Bali."
Apa yang Anda lakukan selama berada di India untuk penelitian ini,"Selama di India, saya survei dengan mengunjungi museum-museum, kuil-kuil (mandir) yang diperuntukan sebagai pemujaan kepada Durga, serta mengunjungi para Sadu di goa-goa yang merupakan pemuja Siwa-Durga yang fanatic."
Upacara apa yang Anda ikuti di India,Saya mengikuti upacara Durga Puja di Calcutta dan Varanasi.
Siapa saja yang Anda wawancarai dalam penelitian ini,"Saya juga melakukan wawancara dengan pemuja Durga dari semua lapisan masyarakat termasuk “Tantrik”, sebutan bagi penganut aliran tantra yang ekstrem."
Di mana Anda memfokuskan penelitian di Indonesia,"Sedangkan, penelitian di Indonesia saya berfokus untuk survey di Jawa terlebih dahulu sesuai kronologi perjalanan sejarah pemujaan Durga."
Apa yang Anda lakukan di Jawa dalam rangka penelitian ini,"Di Jawa, saya mengunjungi museum, candi-candi peninggalan sejarah dinasti Hindu, wawancara dengan semua lapisan masyarakat."
Apa yang Anda lakukan selama penelitian di Bali,"Di Bali, saya banyak habiskan waktu membaca saduran lontar bertuliskan huruf Latin."
Mengapa Anda melakukan survei ke desa Adiwasi Gathiyali di Jaipur,"Saya survei ke desa Adiwasi Gathiyali di Jaipur karena di daerah tersebut penduduk setempat memuja kekuatan Dewi (goddess) berupa arca dari tanah liat yang menyerupai arca Durga Mahisasuramardini, tetapi penduduk setempat tidak menyebutnya Durga."
Apa tujuan utama pemujaan terhadap arca Dewi di desa Adiwasi Gathiyali,Tujuan pemujaan terhadap arca Dewi tersebut adalah sama dengan tujuan dari pemujaan terhadap Durga yaitu untuk mendapat perlindungan dari segala marabahaya.
Apa yang Anda lakukan setelah survei di desa Adiwasi Gathiyali,"Lalu, saya mengunjungi beberapa kuil (Bahasa Hindi: mandir) di Jaipur, New Delhi, Kalkuta, Rishi Kesh, dan Varanasi yang dibangun khusus untuk memuja Durga dalam wujud yang berbeda-beda."
Kuil Durga di Rishi Kesh India Utara menggambarkan Durga dalam wujud siapa,"Seperti misalnya di Rishi Kesh India Utara, saya ke kuil Durga yang berwujud Dewi Parwati."
Bagaimana wujud Durga yang digambarkan di kuil Kalkuta,Kuil di Kalkuta yang banyak dikunjungi oleh pemujanya dimana Durga digambarkan berwujud Dewi Kali yang hitam legam dengan lidah terjulur seperti haus darah.
Di mana kuil kecil yang Anda kunjungi berada,"Adapun sebuah kuil kecil di tengah hutan di Taman Sariska, Delhi, arca Durga dari tanah liat digambarkan sebagai penjaga hutan, dimana pemujanya mengorbankan kambing di altar kuil di bawah pohon beringin tersebut."
Apa yang Anda lakukan setelah mengunjungi kuil-kuil,"Survei selanjutnya, saya mengunjungi museum di New Delhi untuk mempelajari patung-patung Durga Mahisasuramardini, jenis-jenisnya dan karakter dari masing-masing patung tersebut."
Ke mana Anda pergi setelah mengunjungi museum di New Delhi,Lalu saya pergi ke Mathura untuk menelusuri keberadaan peninggalan jaman Paleolitikum untuk menemukan patung atau arca Dewi Bumi sebagai awal dari pemujaan kekuatan energi feminin.
Apa yang Anda temukan di museum Mathura,"Di museum Mathura, saya juga menemukan Yupa Post, tiang batu setinggi 8-11 meter yang sangat penting untuk dikaji untuk menelusuri perkembangan ajaran Hindu di Nusantara."
Di mana ditemukan peninggalan sejarah berupa Yupa Post,"Di Kutai, Kalimantan Timur sebagai kerajaan Hindu tertua di Nusantara ditemukan peninggalan sejarah berupa Yupa Post."
Bagaimana cara Anda mendapatkan data primer,"Untuk mendapatkan data primer, saya mewawancarai segala lapisan masyarakat di India dan di Indonesia."
Apa yang Anda lakukan saat wawancara di India,"Saat wawancara di India, saya bertemu dengan beberapa pemuja Durga yang sangat taat."
Apa yang dikatakan oleh seorang pemuja Durga di Culcatra kepada Anda,"Salah seorang pemuja Durga di Culcatra berkata kepada saya, ""Dewi Durga adalah Dewi yang paling pemurah karena apapun yang kita inginkan akan segera dikabulkan, sedangkan Dewi Saraswati sangat pelit kita harus lama sekali belajar untuk menjadi pintar. Dewi Laksmi juga begitu pelit, kita sulit untuk menjadi kaya walau bagaimanapun kerasnya usaha kita."""
Siapa yang Anda temui dan wawancarai dalam kesempatan yang sama,"Dalam kesempatan yang sama, saya juga bertemu dan wawancara dengan ""tantric"", istilah ini mengacu pada penganut ajaran tantra yang ahli dalam ilmu black-magic karena para tantric punya ""magic-eyes"" dimana mereka bisa mencelakai musuh-musuhnya dengan hanya memandang dengan ""magic-eyes""nya."
"Mengapa anak-anak kecil di India memakai ""cilak"" hitam di mata","Maka dari itu, anak-anak kecil di India memakai ""cilak"" hitam di mata dan mobil-mobil berisi sesajen berupa cabai, jeruk lemon dan bawang merah yang katanya bisa menolak kesaktian dari ""magic-eyes."""
Bagaimana sifat seorang tantric yang Anda wawancarai,"Seorang tantric yang saya wawancarai bersifat sangat rahasia, dia hanya bicara dengan orang yang dipercaya."
Apa yang dikatakan oleh tantric tersebut dalam wawancara mengenai tindakannya,"Dalam wawancara tersebut, tantric tersebut berkata bahwa dia tidak pernah menyakiti orang secara langsung, tetapi kekuatan yang dianugrahi oleh ""Gorakh Nath"" (Siwa dalam bentuk menyeramkan) bisa mencelakai orang yang bermaksud jahat padanya."
Dengan siapa Anda bertemu selain para tantric di India,Saya juga bertemu dengan seorang perempuan yang namanya Durga.
Apa yang dikatakan ibu itu tentang nama Durga,"Dia bilang, ""Dewi Durga sangat cantik dan maha pengasih, jadi nama itu bagus untuk perempuan."""
Apa yang Anda katakan kepada ibu tersebut mengenai penyebutan nama Durga di Bali,"Lalu saya katakan padanya, ""Di Bali, kami tidak berani menyebut nama Durga blak-blakan, biasanya kita membuat nama yang menyamarkan nama Durga, seperti Ratu Ayu, Ida Bhatari Dalem, atau Ratu Mas."""
Bagaimana reaksi ibu Durga setelah mendengar penjelasan Anda tentang Durga di Bali,Ibu Durga itu semakin penasaran dengan perkembangan Dewi Durga di Bali.
Apa yang terjadi setelah Anda menjelaskan tentang Durga di Bali kepada ibu Durga,"Akhirnya saya diundang untuk memberikan presentasi tentang Bhatari Durga di New Delhi India pada tahun 2008 sebelum melanjutkan presentasi di Berlin, Jerman dalam tahun yang sama."
Apa yang Anda amati selama Durga Puja di Kalkuta dan Varanasi,"Durga Puja di Kalkuta dan Varanasi Durga dengan banyak julukan serta wujudnya seperti Dewi Sitala, Ambika, Badrakali, Kali, Parwati, dipuja sesuai dengan tujuan pemujanya."
Apa yang Anda lakukan terkait dengan pemujaan Durga sebagai Dewi Sitala di Jaipur,Saya sempat mengadakan observasi dan berpartisipasi dalam pemujaan Durga sebagai Dewi Sitala di Jaipur.
Apa tujuan pemujaan Dewi Sitala menurut narasumber Anda,"Menurut narasumber saya, Dewi Sitala dipuja oleh penduduk untuk mendapatkan kesembuhan dari penyakit cacar (chickenpox)."
Apa tradisi yang dilakukan pada hari pemujaan Dewi Sitala,"Di hari pemujaan Dewi Sitala, semua makanan tidak boleh dipanaskan."
Apa yang Anda lakukan selain mengikuti puja untuk Dewi Sitala,"Selain mengikuti puja untuk Dewi Sitala, saya juga punya kesempatan untuk mengikuti Durga Puja di Kalkuta yang dirayakan setiap tahun di bulan Oktober."
Bagaimana Durga Puja dirayakan,"Pada saat Durga Puja, biasanya perayaannya dilakukan dengan membuat pandal yang berisi arca Tri Sakti yaitu: Maha Saraswati, Maha Durga, Maha Laksmi."
Siapa yang termasuk dalam Tri Sakti di India,"Di antara Tri Sakti Dewi Saraswati, Dewi Laksmi, dan Dewi Durga, maka Dewi Durga lah yang paling banyak dipuja di India."
Bagaimana Dewi Durga digambarkan di dalam pandal selama Durga Puja,"Biasanya di dalam pandal ini, Dewi Durga digambarkan sebagai Dewi Durga Mahisasuramardani dimana arcanya memperlihatkan kekalahan raksasa Mahisasura."
Apa yang Anda saksikan terkait dengan perayaan Durga Puja,Saya sendiri sempat menyaksikan bagaimana perayaan Durga Puja dilaksanakan di Culcatta dan Varanasi.
Apa saja lokasi yang Anda survei dalam penelitian Anda di Indonesia,"Sama halnya dengan riset di India, saya juga mengadakan survei ke museum-museum, candi-candi di Jawa Tengah, Jawa Timur, serta Pura-Pura di Bali yang memiliki peninggalan sejarah tentang Durga baik berupa arca, patung, maupun bas-reliefs yang terpahat di dinding-dinding candi."
Siapa saja yang Anda wawancarai dalam penelitian Anda di Bali dan Jawa,Saya juga wawancara dengan semua lapisan masyarakat secara formal dan non-formal baik di Bali maupun di Jawa.
Apa yang menjadi awal mula dari pemujaan terhadap energi feminin,Pemujaan terhadap energi feminin berawal mula dari pemujaan terhadap Ibu Dewi di zaman peradaban Lembah Indus (c.3000-1500 SM).
Bagaimana pemujaan Ibu Dewi berkembang pada zaman Weda,"Pemujaan Ibu Dewi tersebut berkembang pada zaman Weda (c.1500-800 SM) setelah dewa-dewa Tri Murti Hindu (Brahma, Wisnu, Siwa) mulai digambarkan mempunyai shakti-shakti (energi spiritual feminin), maka terciptalah Dewi Saraswati-Brahma, Dewi Laksmi-Wisnu, dan Dewi Durga-Siwa (Zimmer 1955)."
Pada periode apa pemujaan terhadap Dewi mulai dikenal lebih luas,"Pada periode Epik, Ramayana dan Mahabharata berikutnya (c.200 SM- 200 M) dan periode Puranik (c.200-800 M), pemujaan terhadap Dewi pada awalnya menjadi terkenal pada periode Puranik sehubungan dengan sekte Siwa."
Sekte apa yang memuja Wisnu sebagai dewa tertinggi,"Di India kita mengenal adanya sekte Waisnawaisme, sekte Siwaisme, dan sekte Shaktisme, sekte Waisnaisme memuja Wisnu sebagai dewa tertinggi, Sekte Siwaisme memuja Siwa sebagai dewa tertinggi, Sekte Shaktisme memuja Durga sebagai dewi tertinggi di sini terjadilah penggabungan kekuatan dewa dan dewi tertinggi dalam masa Puranik."
Apa yang menjadi alasan adanya mandir khusus untuk memuja Durga di India,"Karena Durga sebagai dewi tertinggi dari sekte Shaktisme, maka di India kita temui mandir (kuil) khusus untuk memuja Durga, hari raya suci untuk memuja Durga, serta literatur yang berisi syair-syair tentang pujian-pujian kepada Durga."
"Apa literatur yang memuat penciptaan dan keagungan Durga
",Salah satu literatur khusus memuat penciptaan serta keagungan Durga adalah Dewi Mahatmya yang berupa sisipan dalam kitab Markandeya Purana (digubah sekitar abad ke-6 M).
"Menurut Mookerjee dan Agravala, apa yang dipaparkan dalam sloka suci Devi Mahatmya","Menurut (Mookerjee, 1988:8, dan Agravala, 1963), sesuai dengan apa yang dipaparkan dalam sloka suci Devi Mahatmya, sebuah sisipan penting dari Markandeya Purana (digubah pada abad ke-6 Masehi), diceritakanlah lahirnya Durga sebagai berikut:"
Siapa yang menyerang sorga loka pada zaman dulu,"Pada zaman dulu, sorga loka diserang oleh raksasa bersama pasukannya yang dipimpin oleh Mahisasura, yaitu raksasa berkepala kerbau."
Apa sifat utama dari raksasa yang diserang di sorga loka,Raksasa tersebut sangat sakti dan tak terkalahkan oleh pasukan para dewa di sorga.
Di mana Dewa Siwa sedang bertapa pada saat penyerangan tersebut,"Pada saat penyerangan tersebut, Dewa Siwa sedang bertapa di Gunung Kailasa, puncak tertinggi dari pegunungan Himalaya."
Apa yang dilakukan Raksasa Mahisasura terhadap sorga loka,Raksasa Mahisasura menduduki sorga loka sehingga para dewa morat-marit berlarian ke mana-mana untuk menyelamatkan diri.
Apa keputusan yang diambil oleh para dewa terkait dengan keadaan di sorga loka,Akhirnya para dewa memutuskan untuk pergi ke puncak Kailasa untuk memberitahukan Dewa Siwa tentang keadaan di sorga loka.
Apa reaksi Dewa Siwa setelah mendengar kabar tentang serangan pasukan raksasa,Dewa Siwa yang sedang meditasi menjadi sangat murka mendengar kabar bahwa sorga telah diobrak-abrik oleh pasukan raksasa raja Mahisasura dan tahta sorga telah diduduki oleh raja Mahisasura.
Apa yang terjadi pada Dewa Siwa akibat kemarahannya,"Saking murkanya, dari kedua belah kening Dewa Siwa muncullah pancaran cahaya yang luar biasa dahsyatnya."
Apa yang terjadi pada kedua belah kening para dewa lainnya,Demikian juga dari kedua belah kening para dewa lainnya muncul cahaya yang menyatu dengan cahaya Dewa Siwa.
Apa yang muncul dari kumpulan cahaya para dewa,"Dari kumpulan cahaya para dewa tersebut muncullah sesosok Dewi yang luar biasa cantiknya, bertangan delapan, yang membuat para dewa sangat senang melihat terciptanya dewi tersebut."
Apa keyakinan para dewa tentang kemampuan sosok Dewi terhadap Mahisasura,"Karena para dewa tahu bahwa musuh mereka tidak dapat dikalahkan oleh para dewa, maka para dewa yakin bahwa Mahisasura akan tunduk dan terkalahkan oleh sosok Dewi yang cantik."
Apa keputusan yang diambil para dewa terkait dengan sosok Dewi yang cantik,Maka sepakatlah para dewa untuk mengirimkan Dewi yang cantik ke medan laga.
Mengapa para dewa perlu menganugerahi Sang Dewi senjata-senjata sakti,"Karena Sang Dewi akan dikirim ke medan perang, para dewa perlu menganugerahi Dewi itu senjata-senjata sakti supaya bisa mengalahkan Mahisasura."
Senjata apa yang diberikan oleh Dewa Siwa kepada Dewi,"Lalu, Dewa Siwa menganugerahkan Tri Sula, Wisnu menganugerahkan Cakra, Brahma menganugerahkan Gada, Indra menganugerahkan Bajra, dan juga dewa-dewa lainnya."
Apa yang dimiliki oleh kedelapan tangan Dewi setelah menerima senjata-senjata mahasakti,Sehingga kedelapan tangan Dewi tersebut berisi senjata mahasakti.
Apa nama yang diberikan kepada Dewi yang baru tercipta dari cahaya para dewa,"Dewi yang baru tercipta dari cahaya para dewa akhirnya diberi nama Dewi Durga yang berarti ""Seorang Dewi yang Sulit Dikalahkan""."
Apa yang dianugerahkan oleh Dewa Siwa kepada Dewi Durga untuk melengkapi sarana perang,"Untuk melengkapi sarana perang, Dewi Durga dianugerahi Singa oleh Dewa Siwa sebagai wahananya ke medan perang untuk melawan pasukan raksasa Mahisasura."
Apa yang diterima Dewi Durga dari para dewa sebelum pergi ke medan perang,"Setelah Dewi Durga dibekali mantra-mantra kesaktian dari para dewa dan siap dengan peralatan perangnya, maka pergilah Dewi Durga dengan wahana Singanya ke medan laga sendirian menantang Mahisasura untuk berperang."
Apa yang dilakukan Dewi Durga untuk memulai tantangan terhadap Mahisasura,"Dengan suara nyaring, Dewi Durga memanggil Mahisasura dan menantangnya untuk berperang, ""Wahai Raja Mahisasura, keluarlah ke medan laga, lawanlah aku bertempur!""."
Apa reaksi awal Mahisasura terhadap tantangan dari Dewi Durga,"Mendengar tantangan seorang perempuan dan melihat betapa cantik perempuan yang menantangnya, Mahisasura awalnya tidak mau melawan."
Apa yang dikatakan Mahisasura kepada Dewi Durga tentang cara bertempur,"Ia pun berkata kepada Dewi Durga, ""O Sang Dewi yang maha cantik, kenapa harus berperang melawanku, apakah tidak lebih baik kalau kita bertempur di tempat tidur (bed-chamber) saja""."
Apa yang dilakukan Dewi Durga setelah mendengar tawaran Mahisasura,"Tertawalah Dewi Durga mendengar tawaran raja raksasa sambil menjawab, ""Hahaha… hanya lelaki yang bisa mengalahkan aku di medan perang berhak bertempur denganku di tempat tidur (bed chamber)""."
Apa reaksi Mahisasura terhadap jawaban Dewi Durga,"Mendengar jawaban Dewi Durga, murkalah Mahisasura atas jawaban Dewi Durga yang merendahkan kesaktiannya."
Apa yang memicu rasa kejantanannya Mahisasura setelah mendengar jawaban Dewi Durga,Rasa kejantanannya sangat tertantang untuk segera menundukkan dan mengalahkan Dewi Durga supaya bisa mengajaknya ke tempat tidur.
Apa yang dilakukan Mahisasura dalam adu kesaktian dengan Dewi Durga,"Dalam adu kesaktian, Mahisasura mengubah wujudnya beberapa kali tetapi tetap dia selalu bisa dikenali dan dilumpuhkan oleh Dewi Durga."
Apa wujud terakhir yang diambil oleh Mahisasura dalam pertarungan,"Terakhir kali, Mahisasura berubah wujud menjadi kerbau yang ganas."
Bagaimana Dewi Durga mengalahkan Mahisasura dalam bentuk kerbau,"Singkat cerita, Dewi Durga dapat mengalahkan Mahisasura dengan memenggal kepala Mahisasura yang berupa kerbau tersebut."
Apa yang dilakukan para dewa setelah Mahisasura dikalahkan oleh Dewi Durga,"Dengan kalahnya Mahisasura, para dewa memuji-muji kesaktian Dewi Durga dengan mantra-mantra pujian."
Apa julukan yang diberikan kepada Dewi Durga setelah mengalahkan Mahisasura,"Sejak saat itu, Dewi Durga diberi julukan Durga Mahisasuramardini, yang berarti ""Dewi Durga yang telah mengalahkan raksasa Mahisasura""."
Apa yang digambarkan tentang Dewi Durga Mahisasuramardini dalam cerita singkat tersebut,"Begitulah cerita singkat tentang terciptanya Durga Mahisasuramardini di India, yang selalu digambarkan sebagai Dewi Durga Mahisasuramardini yang cantik dan selalu dipuja oleh semua lapisan masyarakat sebagai Dewi Pelindung dan Dewi Perang demi kemenangan."
"Mengapa mandir-mandir (candi, kuil, pura) didirikan khusus untuk Dewi Durga Mahisasuramardini","Saking pentingnya peranan Durga Mahisasuramardini, maka dari itu didirikanlah mandir-mandir (candi, kuil, pura) khusus dipakai tempat memuja Durga dengan berbagai julukan tergantung dari perannya dalam memberi penugrahan."
Apa nama hari suci yang khusus untuk memuja Dewi Durga,"Ada hari suci yang khusus untuk memuja Dewi Durga yang disebut Durga Puja, yang biasanya jatuh pada bulan Oktober."
Apa yang biasanya dibuat selama perayaan Durga Puja,"Pada saat Durga Puja, biasanya perayaannya dilakukan dengan membuat pandal yang berisi arca Tri Sakti: Maha Saraswati, Maha Durga, Maha Laksmi."
"Dari Tri Sakti (Dewi Saraswati, Dewi Laksmi, dan Dewi Durga), siapa yang paling banyak dipuja di India","Di antara Tri Sakti: Dewi Saraswati, Dewi Laksmi, dan Dewi Durga, maka Dewi Durgalah yang paling banyak dipuja di India."
Bagaimana Dewi Durga biasanya digambarkan dalam pandal selama perayaan Durga Puja,"Biasanya di dalam pandal ini, Dewi Durga digambarkan sebagai Dewi Durga Mahisasuramardini, di mana arcanya memperlihatkan kekalahan raksasa Mahisasura."
Di mana beberapa arca atau patung Durga Mahisasuramardini ditemukan di Nusantara,"Di Nusantara, beberapa arca atau patung Durga dalam bentuk Durga Mahisasuramardini telah ditemukan di beberapa candi di Jawa Barat pada abad ke-6 Masehi (Hariani Santiko, 1987)."
Di daerah mana arca Durga Mahisasuramardini banyak ditemukan di Nusantara,"Arca Durga Mahisasuramardini banyak ditemukan di Jawa Tengah, terutama pada candi-candi Hindu beraliran Siwa, seperti misalnya di Candi Sambisari, di Candi Prambanan, di mana arca Durga Mahisasuramardini ditemukan di bagian utara candi Siwa."
Mengapa para raja biasanya memuja Durga Mahisasuramardini,Pemujaan terhadap Durga Mahisasuramardini biasanya dilakukan oleh para raja untuk memohon kemenangan dalam perang.
"Selain para raja, kelompok mana saja yang memuja Durga Mahisasuramardini","Tetapi Durga Mahisasuramardini juga dipuja oleh kaum Brahmana, Wesya, dan Sudra untuk mendapatkan perlindungan dari musuh."
Apa yang terjadi dengan kekuasaan kerajaan Hindu di Jawa Tengah pada pertengahan abad ke-9 Masehi,"Setelah pindahnya kekuatan kerajaan Hindu di bawah kekuasaan dinasti Sanjaya dari Jawa Tengah ke Jawa Timur pada pertengahan abad ke-9 Masehi, pemujaan terhadap Durga Mahisasuramardini juga dilaksanakan oleh para raja di Jawa Timur seperti Kediri, Singosari, dan Majapahit."
Di mana saja arca Durga ditemukan di Jawa Timur,"Peninggalan dari arca Durga di Jawa Timur ditemukan di beberapa candi Hindu seperti Candi Singosari, Candi Jawi, dan Candi Gedong Songo."
Apa kesamaan ciri-ciri arca Durga Mahisasuramardini di Jawa Timur dengan arca di Jawa Barat dan Jawa Tengah,Arca Durga Mahisasuramardini di Jawa Timur masih punya ciri-ciri yang sama dengan arca di Jawa Barat dan Jawa Tengah.
Apa perubahan radikal yang terjadi pada arca Durga Mahisasuramardini di Jawa Timur dibandingkan dengan arca di Jawa Barat dan Jawa Tengah,"Sedangkan arca Durga Mahisasuramardini yang ditemukan di Jawa Timur telah mulai mengalami perubahan yang radikal, di mana arca Durga Mahisasuramardini digambarkan sebagai Dewi Durga Mahisasuramardini bertaring (Hariani Santiko, 1987)."
Bagaimana penggambaran Dewi Durga Mahisasuramardini di relief Candi Penataran dan Candi Tigawangi berbeda dari arca-arca sebelumnya,"Penggambaran Dewi Durga Mahisasuramardini yang lebih ekstrem ditemukan di relief Candi Penataran dan Candi Tigawangi, di mana Durga telah digambarkan sebagai Dewi Raksasa dengan tubuh tinggi, rambut acak-acakan, bertaring, dan mata melotot."
Apa yang diungkapkan oleh prasasti Anak Wungsu tentang pemujaan Durga di Bali,"Di Bali, berdasarkan prasasti yang dikeluarkan oleh Anak Wungsu (kira-kira abad ke-11 Masehi), banyak menyebutkan pemujaan terhadap Durga."
Apa ciri-ciri khas Durga Mahisasuramardini yang masih ditemukan pada arca di Bali dari zaman Anak Wungsu,Beberapa arca yang kita temukan di Bali pada zaman Anak Wungsu masih menggambarkan ciri-ciri khas Durga Mahisasuramardini tetapi telah terjadi akulturasi dengan budaya lokal.
Di mana arca Durga Mahisasuramardini dengan delapan tangan ditemukan,"Misalnya, arca Durga Mahisasuramardini yang terdapat di Pura Dalem Kutri, Buruan, Gianyar, digambarkan memiliki delapan tangan yang semua memegang senjata."
Apa yang unik tentang senjata yang dipegang oleh salah satu tangan Durga di arca Pura Dalem Kutri,"Tetapi salah satu tangan Durga memegang keris, yaitu senjata khas Bali, dan tiadanya patung Mahisasura dalam Durga Mahisasuramardini di Dalem Kutri."
Apa nama lokal yang diberikan oleh penduduk setempat kepada arca Durga Mahisasuramardini di Pura Samuan Tiga,"Di Pura Samuan Tiga, Bedulu, Gianyar, juga ditemukan beberapa arca Durga Mahisasuramardini, tetapi oleh penduduk setempat arca tersebut dinamakan Ratu Pasek."
Apa nama lokal yang diberikan oleh orang awam kepada arca Durga Mahisasuramardini di Candi Prambanan,"Sama halnya dengan arca Durga Mahisasuramardini di Candi Prambanan, orang awam menyebutnya patung Loro Jongrang."
Bagaimana sosok Durga yang dikenal saat ini berbeda dari Durga Mahisasuramardini tradisional,"Pada saat ini, kalau kita berbicara tentang Durga, yang ada dalam benak kita orang kebanyakan adalah Durga yang disamakan dengan sosok Rangda, yaitu suatu image yang menyeramkan dengan sosok tinggi besar, rambut panjang awut-awutan, mata melotot, lidah menjulur, dan bersemayam di kuburan Ganda Mayu."
Apa faktor-faktor yang mungkin menyebabkan perubahan dari Durga Mahisasuramardini yang cantik menjadi Dewi Durga Raksasi yang menyeramkan,"Berdasarkan bukti tertulis dan bukti visual, saya membuat spekulasi tentang faktor-faktor yang mungkin menyebabkan perubahan/perkembangan radikal Durga Mahisasuramardini dari sosok Dewi Perang yang cantik jelita menjadi Dewi Durga Raksasi yang menyeramkan setelah pindahnya kekuatan kerajaan dari Jawa Tengah ke Jawa Timur (abad ke-10 sampai 15 Masehi) dan di Bali sampai saat ini."
Mengapa sosok Durga Mahisasuramardini sebagai Dewi Perang dianggap ekstrem dan provokatif oleh masyarakat patriarki di Jawa dan Bali,"Sosok Durga Mahisasuramardini sebagai Dewi Perang mungkin dianggap terlalu ekstrem dan terlalu provokatif oleh masyarakat yang menganut sistem patriarki, terutama di Jawa dan Bali, walaupun sebenarnya ada tokoh Sri Kandi yang dianggap anomali dan diterima dalam masyarakat."
Bagaimana Durga Mahisasuramardini digambarkan dalam literatur seperti Ghatotkacasraya dan prasasti seperti Petak dan Trilokyapuri,Pencitraan Durga Mahisasuramardini dalam beberapa literatur (Ghatotkacasraya) dan prasasti (Petak dan Trilokyapuri) digambarkan sangat senang menerima persembahan sesajen berupa daging mentah dan darah.
Bagaimana pencitraan Durga Mahisasuramardini dalam prasasti berfungsi sebagai kutukan terhadap pelanggaran aturan,Pencitraan seperti ini ditemukan dalam prasasti bagian kutukan terhadap orang yang berani melanggar aturan-aturan yang diterapkan dalam prasasti untuk menjaga keamanan wilayah atau tanah milik komunal seperti tanah pengempon pura di Bali.
Bagaimana Dewi Durga dikaitkan atau dikelirukan dengan Rangda dalam karya sastra Calonarang,Perkembangan lebih lanjut yang terjadi pada Dewi Durga berdasarkan karya sastra Calonarang adalah Dewi Durga disamakan atau dikelirukan dengan pemuja setianya yaitu Rangda ing Dirah.
Bagaimana Kakawin Sutasoma karya Mpu Tantular menggambarkan Dewi Durga atau Rangda dalam konteks kerajaan Majapahit,Misalnya pada zaman kerajaan di masa lampau seperti yang diceritakan dalam Kakawin Sutasoma karya Mpu Tantular (1365-1389 Masehi) pada masa pemerintahan Raja Hayam Wuruk dari zaman Majapahit.
Bagaimana Raja-raja yang dibantu oleh para pandita (Siwa-Buda) menyembah Dewi Durga untuk memenangkan peperangan,Raja-raja yang dibantu oleh para pandita (Siwa-Buda) menyembah Durga sebagai Dewi Perang supaya bisa memenangkan peperangan.
Bagaimana Raja Sutasoma dan Raja Purosada digambarkan menyembah Dewi Durga sebelum berangkat ke medan perang dalam cerita Sutasoma,Dalam cerita Sutasoma juga dipaparkan bahwa baik Raja Sutasoma (Buda) maupun Raja Purosada (Siwa) menyembah Durga sebelum ke medan perang.
Bagaimana Dewi Durga digambarkan sebagai dewi yang maha pengasih dan penyayang menurut Zoetmulder (1974),"Durga sebagai dewi yang maha pengasih dan penyayang, tentu memberikan anugerah kepada siapapun yang memujanya dengan khidmat (Zoetmulder 1974: 331)."
Bagaimana Dewi Durga digambarkan berbagi kasih dengan Dewa Brahma dalam versi kidung Sudamala,"Di samping dipuja-puja untuk memenangkan perang, Dewi Durga juga dituduh berbagi kasih dengan Dewa Brahma seperti yang dipaparkan dalam versi kidung Sudamala (digubah antara 1365-1406 Masehi) pada zaman pemerintahan raja-raja Majapahit di Jawa Timur."
"Bagaimana pertemuan antara Sang Hyang Tunggal, Sang Hyang Asihprana, dan Sang Hyang Wisesa di istana Ida Bhatara Guru digambarkan","Diceritakan bahwa Sang Hyang Tunggal, Sang Hyang Asihprana, dan Sang Hyang Wisesa mengadakan pertemuan di istana Ida Bhatara Guru, rajanya para dewa."
"Apa yang dibicarakan dalam pertemuan antara Sang Hyang Tunggal, Sang Hyang Asihprana, dan Sang Hyang Wisesa mengenai Dewi Sri Uma","Mereka membicarakan kelakuan yang menyimpang dari Dewi Sri Uma, istri Bhatara Guru (Dewa Siwa)."
Bagaimana Dewi Uma dituduh berselingkuh dengan Dewa Brahma dalam cerita ini,"Di mana Dewi Uma telah dituduh berselingkuh dengan Dewa Brahma, Bhatara Guru sangat murka mendengar kabar perselingkuhan istrinya, Serta merta Bhatara Guru mengutuk istrinya yang cantik menjadi Durga dengan sosok raksasi yang menyeramkan."
Bagaimana sosok Dewi Uma yang terkutuk digambarkan dalam hal penampilan fisik menurut deskripsi tersebut,"Dewi Uma yang terkutuk digambarkan sebagai sosok raksasi berbadan tinggi besar, rambut awut-awutan, mata bagaikan matahari kembar, mulutnya bagaikan goa dengan taring tajam dan panjang, lubang hidungnya bagaikan sumur kembar, dan seluruh tubuhnya penuh dengan bentolan dan loreng."
Bagaimana Dewi Durga digambarkan dalam kidung Sudamala sebagai dewi raksasa dan bagaimana kutukannya mempengaruhi posisinya,"Di dalam kidung Sudamala, tidak hanya dikutuk untuk menjelma menjadi dewi raksasi, Dewi Durga juga diturunkan dari kahyangan dan bersemayam di setra ganda mayu dan memangsa mayat untuk kelangsungan hidupnya."
Bagaimana Dewi Durga raksasi dapat kembali berubah wujud menjadi dewi yang cantik menurut cerita,Dewi Durga raksasi hanya akan bisa kembali berubah wujud menjadi dewi yang cantik apabila telah disupat atau diruwat oleh Dewa Siwa sendiri melalui Sahadewa/Sadewa anak bungsu dari Panca Pandawa.
Bagaimana Dewi Durga menggunakan banyak sisya untuk bertahan hidup dan apa fungsi sisya tersebut,"Untuk bisa tetap bertahan hidup, Dewi Durga mempunyai banyak sisya yang menyebabkan penyakit pada makhluk hidup yang diakhiri dengan kematian."
"Bagaimana Dewi Durga menganugerahi kesaktian kepada orang yang mempelajari ""black-magic""",Dewi Durga akan menganugerahi kesaktian kepada siapapun yang mau mempelajari “black-magic” supaya pemujanya menjadi sakti sehingga lebih banyak santapannya apabila banyak orang yang meninggal akibat ulah dari para sisyanya.
Apa pesan Bhatari Durga kepada pemujanya mengenai pembunuhan orang-orang tanpa dosa,"Tetapi Bhatari Durga juga berpesan kepada pemujanya agar tidak membunuh orang-orang tanpa dosa, “tan wenang kita amati wong tanpa dosa.”"
"Mengapa orang-orang di India, baik sarjana maupun awam, tidak mengetahui cerita tentang perselingkuhan istri Dewa Siwa dengan Dewa Brahma","Ketika saya bertanya pada orang-orang di India mengenai cerita Sudamala tersebut, baik sarjana maupun orang awam tidak mengetahui cerita tentang perselingkuhan istri Dewa Siwa dengan Dewa Brahma yang akhirnya kena kutuk."
Bagaimana cerita Sudamala mencerminkan ide dan norma-norma lokal dalam konteks patriarki,"Cerita Sudamala adalah hasil pemikiran pengawi atau sastrawan Indonesia yang telah disisipi ide dan norma-norma, tradisi lokal untuk memposisikan perempuan di dunia patriarki."
Bagaimana citra perempuan cantik yang awalnya dipuja-puja dapat berubah menjadi perempuan terkutuk,Perempuan cantik adalah sosok yang dipuja-puja dan dalam waktu yang bersamaan juga sangat rentan untuk terkena gosip dan terjadilah perubahan citra dari perempuan pujaan menjadi perempuan terkutuk.
Bagaimana proses ruwat atau peristri dapat mengubah citra perempuan dari raksasi menjadi cantik dalam konteks mitologi,Citra perempuan akan kembali cantik apabila telah diruwat (diperistri) oleh laki-laki seperti Dewi Durga yang raksasi menjadi Dewi Uma yang cantik sebagai istri Dewa Siwa.
Bagaimana cerita Rare Angon menggambarkan perselingkuhan Dewi Durga dalam wujud Dewi Uma,"Sedangkan kalau di Bali, perselingkuhan Dewi Durga dalam wujud Dewi Uma dipaparkan dalam cerita Rare Angon."
Bagaimana Dewi Uma dituduh berselingkuh dengan Rare Angon dalam cerita Rare Angon,"Di mana Dewi Uma dituduh berselingkuh dengan seorang pengembala sapi, Rare Angon yang merupakan penjelmaan Dewa Siwa sendiri untuk menguji kesetiaan istrinya, Dewi Uma."
Bagaimana perjalanan mitos dan pemujaan Dewi Durga dimulai,"Mitos dan Pemujaan terhadap Dewi Durga mengalami perjalanan dan proses yang panjang dan berliku mulai dari asal mulanya di India lalu menyebrang samudra luas sampai ke Nusantara, khususnya Jawa dan Bali."
Apa yang menjadi dasar untuk mengambil kesimpulan mengenai sejarah perkembangan Dewi Durga Mahisasuramardini,"Berdasarkan sejarah perkembangan Dewi Durga Mahisasuramardini, bisa kita ambil kesimpulan sebagai berikut:"
Apa tujuan utama pemujaan terhadap Dewi Durga,"Pada dasarnya tujuan pemujaan terhadap Dewi Durga adalah sama seperti tujuan utama penciptaan Dewi Durga Mahisasuramardini yaitu untuk menang di medan perang di dalam melawan musuh, dimana menurut kepercayaan Hindu musuh itu banyak macamnya."
"Apa yang dimaksud dengan ""musuh dalam diri kita sendiri"" menurut pandangan Anda","Bagi saya musuh yang paling sulit dikalahkan adalah musuh dalam diri kita sendiri yang berupa sad ripu (kama: nafsu, lobha: tamak, krodha: kemarahan, moha: kebingungan, mada: mabuk, matsarya: dengki, iri hati)."
"Apa yang dimaksud dengan ""ditaklukkan"" dalam konteks laki-laki dan perempuan cantik","Betapapun garangnya laki-laki, biasanya dia bisa ditaklukkan oleh perempuan cantik."
Mengapa menjadi perempuan cantik dianggap sulit dalam konteks sosial,"Sangatlah susah menjadi perempuan cantik apalagi punya prestasi, akan banyak gossip dan tuduhan miring terhadap perempuan tersebut."
"Apa yang dimaksud dengan ""diruwat"" dalam konteks perempuan dan kecantikan",Perempuan akan bisa kembali cantik apabila diruwat oleh laki-laki.